date,count,username,secretion_type
2023-02-06,1,HelloImNavy,"0"
2023-02-06,2,Jotajotahs,"0"
2023-02-06,1,Thybak,"0"
2023-02-06,2,Zeonx91,"0"
2023-02-06,1,esloooz,"0"
2023-02-06,2,quimikuaxh,"0"
2023-02-07,1,AntiaMsv,"0"
2023-02-07,1,HelloImNavy,"0"
2023-02-07,2,Thybak,"0"
2023-02-07,2,Zeonx91,"0"
2023-02-07,1,esloooz,"0"
2023-02-07,1,quimikuaxh,"0"
2023-02-08,3,AntiaMsv,"0"
2023-02-08,1,HelloImNavy,"0"
2023-02-08,2,Jotajotahs,"0"
2023-02-08,1,Thybak,"0"
2023-02-08,2,Zeonx91,"0"
2023-02-08,1,esloooz,"0"
2023-02-08,1,quimikuaxh,"0"
2023-02-09,1,AntiaMsv,"0"
2023-02-09,1,HelloImNavy,"0"
2023-02-09,2,Jotajotahs,"0"
2023-02-09,1,Thybak,"0"
2023-02-09,2,Zeonx91,"0"
2023-02-09,2,esloooz,"0"
2023-02-09,1,quimikuaxh,"0"
2023-02-10,1,HelloImNavy,"0"
2023-02-10,1,Jotajotahs,"0"
2023-02-10,1,Thybak,"0"
2023-02-10,1,Zeonx91,"0"
2023-02-10,1,esloooz,"0"
2023-02-10,1,quimikuaxh,"0"
2023-02-11,1,HelloImNavy,"0"
2023-02-11,2,Jotajotahs,"0"
2023-02-11,2,Thybak,"0"
2023-02-11,2,Zeonx91,"0"
2023-02-11,1,esloooz,"0"
2023-02-11,1,quimikuaxh,"0"
2023-02-12,1,AntiaMsv,"0"
2023-02-12,1,HelloImNavy,"0"
2023-02-12,2,Jotajotahs,"0"
2023-02-12,1,Zeonx91,"0"
2023-02-12,2,esloooz,"0"
2023-02-12,1,quimikuaxh,"0"
2023-02-13,1,AntiaMsv,"0"
2023-02-13,1,HelloImNavy,"0"
2023-02-13,2,Jotajotahs,"0"
2023-02-13,2,Thybak,"0"
2023-02-13,2,esloooz,"0"
2023-02-13,3,quimikuaxh,"0"
2023-02-14,1,AntiaMsv,"0"
2023-02-14,1,HelloImNavy,"0"
2023-02-14,1,Jotajotahs,"0"
2023-02-14,1,Thybak,"0"
2023-02-14,3,Zeonx91,"0"
2023-02-14,1,esloooz,"0"
2023-02-14,2,quimikuaxh,"0"
2023-02-15,1,AntiaMsv,"0"
2023-02-15,2,HelloImNavy,"0"
2023-02-15,3,Jotajotahs,"0"
2023-02-15,2,Thybak,"0"
2023-02-15,1,Zeonx91,"0"
2023-02-15,2,esloooz,"0"
2023-02-15,2,quimikuaxh,"0"
2023-02-16,1,HelloImNavy,"0"
2023-02-16,2,Jotajotahs,"0"
2023-02-16,1,Thybak,"0"
2023-02-16,2,Zeonx91,"0"
2023-02-16,2,esloooz,"0"
2023-02-16,1,quimikuaxh,"0"
2023-02-17,1,AntiaMsv,"0"
2023-02-17,1,HelloImNavy,"0"
2023-02-17,2,Jotajotahs,"0"
2023-02-17,1,Thybak,"0"
2023-02-17,1,Zeonx91,"0"
2023-02-17,2,esloooz,"0"
2023-02-17,2,quimikuaxh,"0"
2023-02-18,1,AntiaMsv,"0"
2023-02-18,1,HelloImNavy,"0"
2023-02-18,1,Jotajotahs,"0"
2023-02-18,2,Thybak,"0"
2023-02-18,2,Zeonx91,"0"
2023-02-18,1,esloooz,"0"
2023-02-18,1,quimikuaxh,"0"
2023-02-19,1,AntiaMsv,"0"
2023-02-19,1,HelloImNavy,"0"
2023-02-19,2,Jotajotahs,"0"
2023-02-19,2,Thybak,"0"
2023-02-19,1,Zeonx91,"0"
2023-02-19,2,esloooz,"0"
2023-02-19,2,quimikuaxh,"0"
2023-02-20,1,HelloImNavy,"0"
2023-02-20,1,Jotajotahs,"0"
2023-02-20,2,Thybak,"0"
2023-02-20,2,Zeonx91,"0"
2023-02-20,1,esloooz,"0"
2023-02-20,2,quimikuaxh,"0"
2023-02-21,1,AntiaMsv,"0"
2023-02-21,1,HelloImNavy,"0"
2023-02-21,2,Jotajotahs,"0"
2023-02-21,1,Thybak,"0"
2023-02-21,2,Zeonx91,"0"
2023-02-21,2,esloooz,"0"
2023-02-21,2,quimikuaxh,"0"
2023-02-22,2,AntiaMsv,"0"
2023-02-22,1,HelloImNavy,"0"
2023-02-22,2,Jotajotahs,"0"
2023-02-22,2,Thybak,"0"
2023-02-22,2,Zeonx91,"0"
2023-02-22,1,esloooz,"0"
2023-02-22,1,quimikuaxh,"0"
2023-02-23,1,Jotajotahs,"0"
2023-02-23,1,Thybak,"0"
2023-02-23,2,Zeonx91,"0"
2023-02-23,1,quimikuaxh,"0"
2023-02-24,1,HelloImNavy,"0"
2023-02-24,1,Jotajotahs,"0"
2023-02-24,1,Thybak,"0"
2023-02-24,2,Zeonx91,"0"
2023-02-24,2,esloooz,"0"
2023-02-24,2,quimikuaxh,"0"
2023-02-25,2,AntiaMsv,"0"
2023-02-25,2,Jotajotahs,"0"
2023-02-25,1,Thybak,"0"
2023-02-25,1,esloooz,"0"
2023-02-25,1,quimikuaxh,"0"
2023-02-26,1,AntiaMsv,"0"
2023-02-26,1,HelloImNavy,"0"
2023-02-26,1,Jotajotahs,"0"
2023-02-26,1,Thybak,"0"
2023-02-26,1,Zeonx91,"0"
2023-02-26,1,quimikuaxh,"0"
2023-02-27,2,AntiaMsv,"0"
2023-02-27,1,HelloImNavy,"0"
2023-02-27,1,Jotajotahs,"0"
2023-02-27,1,Thybak,"0"
2023-02-27,2,Zeonx91,"0"
2023-02-27,1,esloooz,"0"
2023-02-27,2,quimikuaxh,"0"
2023-02-28,1,AntiaMsv,"0"
2023-02-28,1,HelloImNavy,"0"
2023-02-28,3,Jotajotahs,"0"
2023-02-28,1,Thybak,"0"
2023-02-28,1,Zeonx91,"0"
2023-02-28,1,esloooz,"0"
2023-02-28,1,quimikuaxh,"0"
2023-03-01,1,AntiaMsv,"0"
2023-03-01,1,HelloImNavy,"0"
2023-03-01,1,Jotajotahs,"0"
2023-03-01,1,Thybak,"0"
2023-03-01,2,Zeonx91,"0"
2023-03-01,2,esloooz,"0"
2023-03-01,1,quimikuaxh,"0"
2023-03-02,1,AntiaMsv,"0"
2023-03-02,1,Jotajotahs,"0"
2023-03-02,1,Thybak,"0"
2023-03-02,3,Zeonx91,"0"
2023-03-02,1,esloooz,"0"
2023-03-02,1,quimikuaxh,"0"
2023-03-03,1,HelloImNavy,"0"
2023-03-03,1,Jotajotahs,"0"
2023-03-03,1,Thybak,"0"
2023-03-03,2,Zeonx91,"0"
2023-03-03,1,esloooz,"0"
2023-03-03,2,quimikuaxh,"0"
2023-03-04,1,AntiaMsv,"0"
2023-03-04,1,HelloImNavy,"0"
2023-03-04,1,Jotajotahs,"0"
2023-03-04,2,Thybak,"0"
2023-03-04,1,Zeonx91,"0"
2023-03-04,2,quimikuaxh,"0"
2023-03-05,1,HelloImNavy,"0"
2023-03-05,2,Jotajotahs,"0"
2023-03-05,1,Thybak,"0"
2023-03-05,1,Zeonx91,"0"
2023-03-05,2,esloooz,"0"
2023-03-05,1,quimikuaxh,"0"
2023-03-06,1,AntiaMsv,"0"
2023-03-06,1,HelloImNavy,"0"
2023-03-06,1,Jotajotahs,"0"
2023-03-06,2,Thybak,"0"
2023-03-06,2,Zeonx91,"0"
2023-03-06,2,esloooz,"0"
2023-03-06,1,quimikuaxh,"0"
2023-03-07,1,Jotajotahs,"0"
2023-03-07,2,Thybak,"0"
2023-03-07,1,Zeonx91,"0"
2023-03-07,1,esloooz,"0"
2023-03-07,2,quimikuaxh,"0"
2023-03-08,2,AntiaMsv,"0"
2023-03-08,1,HelloImNavy,"0"
2023-03-08,2,Jotajotahs,"0"
2023-03-08,2,Zeonx91,"0"
2023-03-08,1,esloooz,"0"
2023-03-08,2,quimikuaxh,"0"
2023-03-09,1,AntiaMsv,"0"
2023-03-09,1,HelloImNavy,"0"
2023-03-09,3,Jotajotahs,"0"
2023-03-09,1,Thybak,"0"
2023-03-09,1,Zeonx91,"0"
2023-03-09,2,esloooz,"0"
2023-03-09,3,quimikuaxh,"0"
2023-03-10,1,AntiaMsv,"0"
2023-03-10,1,Jotajotahs,"0"
2023-03-10,2,Thybak,"0"
2023-03-10,2,Zeonx91,"0"
2023-03-10,2,esloooz,"0"
2023-03-10,2,quimikuaxh,"0"
2023-03-11,1,HelloImNavy,"0"
2023-03-11,1,Jotajotahs,"0"
2023-03-11,1,Zeonx91,"0"
2023-03-11,1,quimikuaxh,"0"
2023-03-12,1,AntiaMsv,"0"
2023-03-12,3,Jotajotahs,"0"
2023-03-12,1,Thybak,"0"
2023-03-12,1,Zeonx91,"0"
2023-03-12,2,esloooz,"0"
2023-03-12,2,quimikuaxh,"0"
2023-03-13,1,AntiaMsv,"0"
2023-03-13,1,HelloImNavy,"0"
2023-03-13,1,Jotajotahs,"0"
2023-03-13,1,Thybak,"0"
2023-03-13,2,Zeonx91,"0"
2023-03-13,1,esloooz,"0"
2023-03-13,2,quimikuaxh,"0"
2023-03-14,1,HelloImNavy,"0"
2023-03-14,2,Jotajotahs,"0"
2023-03-14,3,Thybak,"0"
2023-03-14,1,Zeonx91,"0"
2023-03-14,1,esloooz,"0"
2023-03-14,2,quimikuaxh,"0"
2023-03-15,1,AntiaMsv,"0"
2023-03-15,1,HelloImNavy,"0"
2023-03-15,1,Jotajotahs,"0"
2023-03-15,1,Zeonx91,"0"
2023-03-15,1,esloooz,"0"
2023-03-15,1,quimikuaxh,"0"
2023-03-16,1,AntiaMsv,"0"
2023-03-16,1,HelloImNavy,"0"
2023-03-16,2,Jotajotahs,"0"
2023-03-16,1,Zeonx91,"0"
2023-03-16,2,esloooz,"0"
2023-03-16,2,quimikuaxh,"0"
2023-03-17,2,AntiaMsv,"0"
2023-03-17,1,HelloImNavy,"0"
2023-03-17,1,Jotajotahs,"0"
2023-03-17,2,Thybak,"0"
2023-03-17,1,Zeonx91,"0"
2023-03-17,2,esloooz,"0"
2023-03-17,1,quimikuaxh,"0"
2023-03-18,1,Jotajotahs,"0"
2023-03-18,1,Thybak,"0"
2023-03-18,2,Zeonx91,"0"
2023-03-18,2,esloooz,"0"
2023-03-18,1,quimikuaxh,"0"
2023-03-19,1,HelloImNavy,"0"
2023-03-19,2,Jotajotahs,"0"
2023-03-19,1,Thybak,"0"
2023-03-19,1,Zeonx91,"0"
2023-03-19,1,esloooz,"0"
2023-03-19,1,quimikuaxh,"0"
2023-03-20,2,AntiaMsv,"0"
2023-03-20,2,HelloImNavy,"0"
2023-03-20,1,Jotajotahs,"0"
2023-03-20,2,Thybak,"0"
2023-03-20,2,Zeonx91,"0"
2023-03-20,1,esloooz,"0"
2023-03-20,3,quimikuaxh,"0"
2023-03-21,2,HelloImNavy,"0"
2023-03-21,1,Jotajotahs,"0"
2023-03-21,1,Thybak,"0"
2023-03-21,2,esloooz,"0"
2023-03-21,1,quimikuaxh,"0"
2023-03-22,3,AntiaMsv,"0"
2023-03-22,1,HelloImNavy,"0"
2023-03-22,1,Jotajotahs,"0"
2023-03-22,2,Thybak,"0"
2023-03-22,1,Zeonx91,"0"
2023-03-22,1,esloooz,"0"
2023-03-22,1,quimikuaxh,"0"
2023-03-23,2,AntiaMsv,"0"
2023-03-23,1,Jotajotahs,"0"
2023-03-23,2,Thybak,"0"
2023-03-23,1,Zeonx91,"0"
2023-03-23,1,esloooz,"0"
2023-03-23,3,quimikuaxh,"0"
2023-03-24,2,AntiaMsv,"0"
2023-03-24,2,Jotajotahs,"0"
2023-03-24,1,Thybak,"0"
2023-03-24,2,Zeonx91,"0"
2023-03-24,1,esloooz,"0"
2023-03-24,2,quimikuaxh,"0"
2023-03-25,1,HelloImNavy,"0"
2023-03-25,1,Jotajotahs,"0"
2023-03-25,1,Zeonx91,"0"
2023-03-25,1,esloooz,"0"
2023-03-25,1,quimikuaxh,"0"
2023-03-26,5,AntiaMsv,"0"
2023-03-26,1,HelloImNavy,"0"
2023-03-26,3,Jotajotahs,"0"
2023-03-26,2,Zeonx91,"0"
2023-03-26,1,esloooz,"0"
2023-03-26,1,quimikuaxh,"0"
2023-03-27,6,AntiaMsv,"0"
2023-03-27,1,HelloImNavy,"0"
2023-03-27,1,Jotajotahs,"0"
2023-03-27,2,Thybak,"0"
2023-03-27,1,Zeonx91,"0"
2023-03-27,1,esloooz,"0"
2023-03-27,2,quimikuaxh,"0"
2023-03-28,4,AntiaMsv,"0"
2023-03-28,2,HelloImNavy,"0"
2023-03-28,1,Jotajotahs,"0"
2023-03-28,1,Thybak,"0"
2023-03-28,1,Zeonx91,"0"
2023-03-28,1,esloooz,"0"
2023-03-28,2,quimikuaxh,"0"
2023-03-29,5,AntiaMsv,"0"
2023-03-29,1,HelloImNavy,"0"
2023-03-29,1,Jotajotahs,"0"
2023-03-29,1,Thybak,"0"
2023-03-29,2,Zeonx91,"0"
2023-03-29,2,esloooz,"0"
2023-03-29,2,quimikuaxh,"0"
2023-03-30,2,AntiaMsv,"0"
2023-03-30,1,HelloImNavy,"0"
2023-03-30,1,Jotajotahs,"0"
2023-03-30,2,Thybak,"0"
2023-03-30,1,Zeonx91,"0"
2023-03-30,1,esloooz,"0"
2023-03-30,1,quimikuaxh,"0"
2023-03-31,1,AntiaMsv,"0"
2023-03-31,1,HelloImNavy,"0"
2023-03-31,2,Jotajotahs,"0"
2023-03-31,2,Zeonx91,"0"
2023-03-31,1,quimikuaxh,"0"
2023-04-01,1,AntiaMsv,"0"
2023-04-01,1,HelloImNavy,"0"
2023-04-01,1,Thybak,"0"
2023-04-01,1,Zeonx91,"0"
2023-04-01,1,quimikuaxh,"0"
2023-04-02,1,AntiaMsv,"0"
2023-04-02,1,Jotajotahs,"0"
2023-04-02,2,Thybak,"0"
2023-04-02,2,Zeonx91,"0"
2023-04-02,2,esloooz,"0"
2023-04-02,2,quimikuaxh,"0"
2023-04-03,3,AntiaMsv,"0"
2023-04-03,1,HelloImNavy,"0"
2023-04-03,2,Thybak,"0"
2023-04-03,1,Zeonx91,"0"
2023-04-03,1,esloooz,"0"
2023-04-03,2,quimikuaxh,"0"
2023-04-04,2,AntiaMsv,"0"
2023-04-04,1,HelloImNavy,"0"
2023-04-04,3,Jotajotahs,"0"
2023-04-04,1,Thybak,"0"
2023-04-04,1,Zeonx91,"0"
2023-04-04,1,esloooz,"0"
2023-04-04,3,quimikuaxh,"0"
2023-04-05,2,Jotajotahs,"0"
2023-04-05,2,Zeonx91,"0"
2023-04-05,1,esloooz,"0"
2023-04-05,3,quimikuaxh,"0"
2023-04-06,2,AntiaMsv,"0"
2023-04-06,1,HelloImNavy,"0"
2023-04-06,2,Jotajotahs,"0"
2023-04-06,1,Thybak,"0"
2023-04-06,2,Zeonx91,"0"
2023-04-06,1,esloooz,"0"
2023-04-06,2,quimikuaxh,"0"
2023-04-07,1,HelloImNavy,"0"
2023-04-07,1,Jotajotahs,"0"
2023-04-07,2,Thybak,"0"
2023-04-07,1,Zeonx91,"0"
2023-04-07,2,esloooz,"0"
2023-04-07,1,quimikuaxh,"0"
2023-04-08,1,AntiaMsv,"0"
2023-04-08,1,HelloImNavy,"0"
2023-04-08,2,Jotajotahs,"0"
2023-04-08,1,Thybak,"0"
2023-04-08,1,Zeonx91,"0"
2023-04-08,2,esloooz,"0"
2023-04-08,2,quimikuaxh,"0"
2023-04-09,3,AntiaMsv,"0"
2023-04-09,2,HelloImNavy,"0"
2023-04-09,1,Jotajotahs,"0"
2023-04-09,2,Zeonx91,"0"
2023-04-09,2,esloooz,"0"
2023-04-09,1,quimikuaxh,"0"
2023-04-10,1,AntiaMsv,"0"
2023-04-10,1,HelloImNavy,"0"
2023-04-10,2,Jotajotahs,"0"
2023-04-10,1,Thybak,"0"
2023-04-10,2,Zeonx91,"0"
2023-04-10,1,esloooz,"0"
2023-04-10,1,quimikuaxh,"0"
2023-04-11,2,AntiaMsv,"0"
2023-04-11,1,HelloImNavy,"0"
2023-04-11,1,Jotajotahs,"0"
2023-04-11,1,Thybak,"0"
2023-04-11,2,Zeonx91,"0"
2023-04-11,1,esloooz,"0"
2023-04-11,1,quimikuaxh,"0"
2023-04-12,2,AntiaMsv,"0"
2023-04-12,1,HelloImNavy,"0"
2023-04-12,2,Thybak,"0"
2023-04-12,1,Zeonx91,"0"
2023-04-12,1,esloooz,"0"
2023-04-12,2,quimikuaxh,"0"
2023-04-13,2,AntiaMsv,"0"
2023-04-13,1,HelloImNavy,"0"
2023-04-13,1,Jotajotahs,"0"
2023-04-13,1,Thybak,"0"
2023-04-13,1,Zeonx91,"0"
2023-04-13,1,esloooz,"0"
2023-04-13,2,quimikuaxh,"0"
2023-04-14,1,AntiaMsv,"0"
2023-04-14,1,HelloImNavy,"0"
2023-04-14,2,Jotajotahs,"0"
2023-04-14,1,Thybak,"0"
2023-04-14,2,Zeonx91,"0"
2023-04-14,2,esloooz,"0"
2023-04-14,2,quimikuaxh,"0"
2023-04-15,1,HelloImNavy,"0"
2023-04-15,1,Jotajotahs,"0"
2023-04-15,1,Thybak,"0"
2023-04-15,2,Zeonx91,"0"
2023-04-15,1,quimikuaxh,"0"
2023-04-16,1,AntiaMsv,"0"
2023-04-16,1,HelloImNavy,"0"
2023-04-16,1,Jotajotahs,"0"
2023-04-16,3,Thybak,"0"
2023-04-16,1,Zeonx91,"0"
2023-04-16,2,esloooz,"0"
2023-04-16,2,quimikuaxh,"0"
2023-04-17,3,HelloImNavy,"0"
2023-04-17,1,Jotajotahs,"0"
2023-04-17,1,Thybak,"0"
2023-04-17,1,Zeonx91,"0"
2023-04-17,2,esloooz,"0"
2023-04-17,2,quimikuaxh,"0"
2023-04-18,2,AntiaMsv,"0"
2023-04-18,1,HelloImNavy,"0"
2023-04-18,1,Jotajotahs,"0"
2023-04-18,3,Thybak,"0"
2023-04-18,1,Zeonx91,"0"
2023-04-18,1,quimikuaxh,"0"
2023-04-19,1,AntiaMsv,"0"
2023-04-19,1,Jotajotahs,"0"
2023-04-19,1,Thybak,"0"
2023-04-19,2,Zeonx91,"0"
2023-04-19,1,quimikuaxh,"0"
2023-04-20,1,AntiaMsv,"0"
2023-04-20,1,HelloImNavy,"0"
2023-04-20,1,Jotajotahs,"0"
2023-04-20,1,Thybak,"0"
2023-04-20,2,Zeonx91,"0"
2023-04-20,1,esloooz,"0"
2023-04-20,1,quimikuaxh,"0"
2023-04-21,2,AntiaMsv,"0"
2023-04-21,1,HelloImNavy,"0"
2023-04-21,3,Jotajotahs,"0"
2023-04-21,1,Thybak,"0"
2023-04-21,1,Zeonx91,"0"
2023-04-21,1,esloooz,"0"
2023-04-21,1,quimikuaxh,"0"
2023-04-22,2,AntiaMsv,"0"
2023-04-22,1,HelloImNavy,"0"
2023-04-22,1,Jotajotahs,"0"
2023-04-22,2,Thybak,"0"
2023-04-22,1,Zeonx91,"0"
2023-04-22,1,esloooz,"0"
2023-04-22,1,quimikuaxh,"0"
2023-04-23,1,HelloImNavy,"0"
2023-04-23,1,Jotajotahs,"0"
2023-04-23,3,Thybak,"0"
2023-04-23,1,Zeonx91,"0"
2023-04-23,2,esloooz,"0"
2023-04-23,1,quimikuaxh,"0"
2023-04-24,1,AntiaMsv,"0"
2023-04-24,1,HelloImNavy,"0"
2023-04-24,1,Jotajotahs,"0"
2023-04-24,1,Thybak,"0"
2023-04-24,1,Zeonx91,"0"
2023-04-24,1,esloooz,"0"
2023-04-24,2,quimikuaxh,"0"
2023-04-25,1,HelloImNavy,"0"
2023-04-25,2,Jotajotahs,"0"
2023-04-25,3,Thybak,"0"
2023-04-25,2,Zeonx91,"0"
2023-04-25,2,quimikuaxh,"0"
2023-04-26,2,AntiaMsv,"0"
2023-04-26,1,HelloImNavy,"0"
2023-04-26,3,Zeonx91,"0"
2023-04-26,2,esloooz,"0"
2023-04-26,1,quimikuaxh,"0"
2023-04-27,1,AntiaMsv,"0"
2023-04-27,1,Jotajotahs,"0"
2023-04-27,2,Thybak,"0"
2023-04-27,1,Zeonx91,"0"
2023-04-27,1,quimikuaxh,"0"
2023-04-28,1,HelloImNavy,"0"
2023-04-28,1,Jotajotahs,"0"
2023-04-28,2,Thybak,"0"
2023-04-28,1,Zeonx91,"0"
2023-04-28,2,quimikuaxh,"0"
2023-04-29,1,HelloImNavy,"0"
2023-04-29,1,Jotajotahs,"0"
2023-04-29,2,Zeonx91,"0"
2023-04-29,1,esloooz,"0"
2023-04-29,1,quimikuaxh,"0"
2023-04-30,2,AntiaMsv,"0"
2023-04-30,1,HelloImNavy,"0"
2023-04-30,2,Thybak,"0"
2023-04-30,1,Zeonx91,"0"
2023-04-30,1,quimikuaxh,"0"
2023-05-01,1,AntiaMsv,"0"
2023-05-01,2,HelloImNavy,"0"
2023-05-01,2,Thybak,"0"
2023-05-01,1,Zeonx91,"0"
2023-05-01,2,esloooz,"0"
2023-05-01,1,quimikuaxh,"0"
2023-05-02,4,AntiaMsv,"0"
2023-05-02,2,HelloImNavy,"0"
2023-05-02,1,Jotajotahs,"0"
2023-05-02,2,Thybak,"0"
2023-05-02,1,Zeonx91,"0"
2023-05-02,2,esloooz,"0"
2023-05-02,2,quimikuaxh,"0"
2023-05-03,1,AntiaMsv,"0"
2023-05-03,1,HelloImNavy,"0"
2023-05-03,1,Jotajotahs,"0"
2023-05-03,3,Thybak,"0"
2023-05-03,1,Zeonx91,"0"
2023-05-03,1,quimikuaxh,"0"
2023-05-04,1,HelloImNavy,"0"
2023-05-04,2,Thybak,"0"
2023-05-04,1,Zeonx91,"0"
2023-05-04,1,esloooz,"0"
2023-05-04,2,quimikuaxh,"0"
2023-05-05,1,HelloImNavy,"0"
2023-05-05,1,Jotajotahs,"0"
2023-05-05,1,Zeonx91,"0"
2023-05-05,1,esloooz,"0"
2023-05-05,1,quimikuaxh,"0"
2023-05-06,1,AntiaMsv,"0"
2023-05-06,1,HelloImNavy,"0"
2023-05-06,1,Jotajotahs,"0"
2023-05-06,1,Zeonx91,"0"
2023-05-06,1,esloooz,"0"
2023-05-06,1,quimikuaxh,"0"
2023-05-07,2,HelloImNavy,"0"
2023-05-07,1,Jotajotahs,"0"
2023-05-07,1,Zeonx91,"0"
2023-05-07,1,esloooz,"0"
2023-05-07,1,quimikuaxh,"0"
2023-05-08,2,AntiaMsv,"0"
2023-05-08,1,HelloImNavy,"0"
2023-05-08,1,Jotajotahs,"0"
2023-05-08,2,Thybak,"0"
2023-05-08,2,Zeonx91,"0"
2023-05-08,1,esloooz,"0"
2023-05-08,1,quimikuaxh,"0"
2023-05-09,1,HelloImNavy,"0"
2023-05-09,2,Thybak,"0"
2023-05-09,1,Zeonx91,"0"
2023-05-09,1,esloooz,"0"
2023-05-09,1,quimikuaxh,"0"
2023-05-10,2,AntiaMsv,"0"
2023-05-10,2,HelloImNavy,"0"
2023-05-10,1,Thybak,"0"
2023-05-10,3,Zeonx91,"0"
2023-05-10,1,esloooz,"0"
2023-05-10,2,quimikuaxh,"0"
2023-05-11,2,AntiaMsv,"0"
2023-05-11,1,HelloImNavy,"0"
2023-05-11,1,Jotajotahs,"0"
2023-05-11,2,Thybak,"0"
2023-05-11,1,Zeonx91,"0"
2023-05-11,1,esloooz,"0"
2023-05-11,1,quimikuaxh,"0"
2023-05-12,1,AntiaMsv,"0"
2023-05-12,1,HelloImNavy,"0"
2023-05-12,1,Jotajotahs,"0"
2023-05-12,2,Zeonx91,"0"
2023-05-12,1,esloooz,"0"
2023-05-12,1,quimikuaxh,"0"
2023-05-13,1,Jotajotahs,"0"
2023-05-13,1,esloooz,"0"
2023-05-13,1,quimikuaxh,"0"
2023-05-14,2,AntiaMsv,"0"
2023-05-14,1,HelloImNavy,"0"
2023-05-14,1,Jotajotahs,"0"
2023-05-14,1,Thybak,"0"
2023-05-14,2,Zeonx91,"0"
2023-05-14,2,esloooz,"0"
2023-05-14,1,quimikuaxh,"0"
2023-05-15,1,AntiaMsv,"0"
2023-05-15,2,Jotajotahs,"0"
2023-05-15,1,Thybak,"0"
2023-05-15,1,Zeonx91,"0"
2023-05-15,2,esloooz,"0"
2023-05-15,1,quimikuaxh,"0"
2023-05-16,1,AntiaMsv,"0"
2023-05-16,1,HelloImNavy,"0"
2023-05-16,1,Thybak,"0"
2023-05-16,2,Zeonx91,"0"
2023-05-16,1,esloooz,"0"
2023-05-17,1,AntiaMsv,"0"
2023-05-17,1,HelloImNavy,"0"
2023-05-17,1,Jotajotahs,"0"
2023-05-17,2,Thybak,"0"
2023-05-17,2,Zeonx91,"0"
2023-05-17,1,esloooz,"0"
2023-05-17,1,quimikuaxh,"0"
2023-05-18,2,AntiaMsv,"0"
2023-05-18,1,HelloImNavy,"0"
2023-05-18,2,Jotajotahs,"0"
2023-05-18,2,Thybak,"0"
2023-05-18,2,Zeonx91,"0"
2023-05-18,3,esloooz,"0"
2023-05-18,1,quimikuaxh,"0"
2023-05-19,1,AntiaMsv,"0"
2023-05-19,1,Zeonx91,"0"
2023-05-19,1,esloooz,"0"
2023-05-19,1,quimikuaxh,"0"
2023-05-20,1,AntiaMsv,"0"
2023-05-20,2,Jotajotahs,"0"
2023-05-20,1,Thybak,"0"
2023-05-20,2,Zeonx91,"0"
2023-05-20,2,esloooz,"0"
2023-05-20,1,quimikuaxh,"0"
2023-05-21,2,HelloImNavy,"0"
2023-05-21,1,Jotajotahs,"0"
2023-05-21,1,Thybak,"0"
2023-05-21,1,Zeonx91,"0"
2023-05-21,2,esloooz,"0"
2023-05-21,1,quimikuaxh,"0"
2023-05-22,1,AntiaMsv,"0"
2023-05-22,2,HelloImNavy,"0"
2023-05-22,1,Thybak,"0"
2023-05-22,1,Zeonx91,"0"
2023-05-22,1,esloooz,"0"
2023-05-22,1,quimikuaxh,"0"
2023-05-23,2,AntiaMsv,"0"
2023-05-23,1,HelloImNavy,"0"
2023-05-23,1,Jotajotahs,"0"
2023-05-23,1,Zeonx91,"0"
2023-05-23,1,esloooz,"0"
2023-05-23,2,quimikuaxh,"0"
2023-05-24,4,AntiaMsv,"0"
2023-05-24,2,HelloImNavy,"0"
2023-05-24,1,Jotajotahs,"0"
2023-05-24,3,Thybak,"0"
2023-05-24,2,Zeonx91,"0"
2023-05-24,2,esloooz,"0"
2023-05-24,1,quimikuaxh,"0"
2023-05-25,2,AntiaMsv,"0"
2023-05-25,1,HelloImNavy,"0"
2023-05-25,1,Jotajotahs,"0"
2023-05-25,2,Thybak,"0"
2023-05-25,2,Yovarana,"0"
2023-05-25,1,Zeonx91,"0"
2023-05-25,2,esloooz,"0"
2023-05-25,2,quimikuaxh,"0"
2023-05-26,1,HelloImNavy,"0"
2023-05-26,1,Jotajotahs,"0"
2023-05-26,1,Thybak,"0"
2023-05-26,2,Yovarana,"0"
2023-05-26,3,Zeonx91,"0"
2023-05-26,1,esloooz,"0"
2023-05-26,1,quimikuaxh,"0"
2023-05-27,1,AntiaMsv,"0"
2023-05-27,1,HelloImNavy,"0"
2023-05-27,1,Jotajotahs,"0"
2023-05-27,2,Thybak,"0"
2023-05-27,1,Yovarana,"0"
2023-05-27,2,Zeonx91,"0"
2023-05-27,1,esloooz,"0"
2023-05-27,1,quimikuaxh,"0"
2023-05-28,1,AntiaMsv,"0"
2023-05-28,2,Jotajotahs,"0"
2023-05-28,2,Thybak,"0"
2023-05-28,1,Zeonx91,"0"
2023-05-28,2,esloooz,"0"
2023-05-28,1,quimikuaxh,"0"
2023-05-29,2,AntiaMsv,"0"
2023-05-29,1,HelloImNavy,"0"
2023-05-29,1,Jotajotahs,"0"
2023-05-29,1,Thybak,"0"
2023-05-29,2,Yovarana,"0"
2023-05-29,1,Zeonx91,"0"
2023-05-29,2,esloooz,"0"
2023-05-29,2,quimikuaxh,"0"
2023-05-30,1,AntiaMsv,"0"
2023-05-30,1,HelloImNavy,"0"
2023-05-30,1,Jotajotahs,"0"
2023-05-30,1,Thybak,"0"
2023-05-30,2,Yovarana,"0"
2023-05-30,1,Zeonx91,"0"
2023-05-30,2,esloooz,"0"
2023-05-30,1,quimikuaxh,"0"
2023-05-31,3,AntiaMsv,"0"
2023-05-31,1,HelloImNavy,"0"
2023-05-31,1,Jotajotahs,"0"
2023-05-31,1,Thybak,"0"
2023-05-31,2,Yovarana,"0"
2023-05-31,2,Zeonx91,"0"
2023-05-31,2,esloooz,"0"
2023-05-31,2,quimikuaxh,"0"
2023-06-01,2,AntiaMsv,"0"
2023-06-01,2,Falafas,"0"
2023-06-01,1,Jotajotahs,"0"
2023-06-01,3,Thybak,"0"
2023-06-01,2,Yovarana,"0"
2023-06-01,1,Zeonx91,"0"
2023-06-01,1,esloooz,"0"
2023-06-01,2,quimikuaxh,"0"
2023-06-02,1,Falafas,"0"
2023-06-02,1,HelloImNavy,"0"
2023-06-02,2,Jotajotahs,"0"
2023-06-02,1,Yovarana,"0"
2023-06-02,1,Zeonx91,"0"
2023-06-02,1,esloooz,"0"
2023-06-02,1,quimikuaxh,"0"
2023-06-03,1,AntiaMsv,"0"
2023-06-03,1,Falafas,"0"
2023-06-03,1,Jotajotahs,"0"
2023-06-03,1,Thybak,"0"
2023-06-03,1,Yovarana,"0"
2023-06-03,1,Zeonx91,"0"
2023-06-03,2,esloooz,"0"
2023-06-03,1,quimikuaxh,"0"
2023-06-04,1,Falafas,"0"
2023-06-04,2,HelloImNavy,"0"
2023-06-04,1,Jotajotahs,"0"
2023-06-04,1,Thybak,"0"
2023-06-04,1,Yovarana,"0"
2023-06-04,2,Zeonx91,"0"
2023-06-04,1,esloooz,"0"
2023-06-04,1,quimikuaxh,"0"
2023-06-05,1,AntiaMsv,"0"
2023-06-05,1,Falafas,"0"
2023-06-05,1,HelloImNavy,"0"
2023-06-05,4,Jotajotahs,"0"
2023-06-05,1,Thybak,"0"
2023-06-05,1,Zeonx91,"0"
2023-06-05,1,esloooz,"0"
2023-06-05,1,quimikuaxh,"0"
2023-06-06,2,AntiaMsv,"0"
2023-06-06,1,Falafas,"0"
2023-06-06,1,HelloImNavy,"0"
2023-06-06,1,Jotajotahs,"0"
2023-06-06,2,Thybak,"0"
2023-06-06,2,Yovarana,"0"
2023-06-06,1,Zeonx91,"0"
2023-06-06,1,esloooz,"0"
2023-06-06,2,quimikuaxh,"0"
2023-06-07,1,AntiaMsv,"0"
2023-06-07,1,HelloImNavy,"0"
2023-06-07,1,Jotajotahs,"0"
2023-06-07,2,Thybak,"0"
2023-06-07,1,Yovarana,"0"
2023-06-07,2,Zeonx91,"0"
2023-06-07,1,esloooz,"0"
2023-06-07,2,quimikuaxh,"0"
2023-06-08,1,AntiaMsv,"0"
2023-06-08,2,Falafas,"0"
2023-06-08,1,HelloImNavy,"0"
2023-06-08,1,Jotajotahs,"0"
2023-06-08,3,Thybak,"0"
2023-06-08,1,Yovarana,"0"
2023-06-08,2,Zeonx91,"0"
2023-06-08,1,esloooz,"0"
2023-06-08,1,quimikuaxh,"0"
2023-06-09,1,AntiaMsv,"0"
2023-06-09,1,Falafas,"0"
2023-06-09,1,HelloImNavy,"0"
2023-06-09,2,Jotajotahs,"0"
2023-06-09,2,Yovarana,"0"
2023-06-09,2,Zeonx91,"0"
2023-06-09,2,esloooz,"0"
2023-06-09,1,quimikuaxh,"0"
2023-06-10,1,Falafas,"0"
2023-06-10,1,Jotajotahs,"0"
2023-06-10,2,Thybak,"0"
2023-06-10,1,Yovarana,"0"
2023-06-10,2,Zeonx91,"0"
2023-06-10,2,esloooz,"0"
2023-06-10,2,quimikuaxh,"0"
2023-06-11,1,AntiaMsv,"0"
2023-06-11,2,Falafas,"0"
2023-06-11,1,HelloImNavy,"0"
2023-06-11,1,Jotajotahs,"0"
2023-06-11,1,Yovarana,"0"
2023-06-11,2,Zeonx91,"0"
2023-06-11,1,esloooz,"0"
2023-06-11,2,quimikuaxh,"0"
2023-06-12,2,AntiaMsv,"0"
2023-06-12,1,Falafas,"0"
2023-06-12,2,HelloImNavy,"0"
2023-06-12,2,Jotajotahs,"0"
2023-06-12,2,Thybak,"0"
2023-06-12,4,Yovarana,"0"
2023-06-12,2,Zeonx91,"0"
2023-06-12,2,quimikuaxh,"0"
2023-06-13,3,AntiaMsv,"0"
2023-06-13,2,Falafas,"0"
2023-06-13,1,HelloImNavy,"0"
2023-06-13,1,Jotajotahs,"0"
2023-06-13,2,Thybak,"0"
2023-06-13,1,Yovarana,"0"
2023-06-13,3,Zeonx91,"0"
2023-06-13,2,esloooz,"0"
2023-06-13,1,quimikuaxh,"0"
2023-06-14,2,AntiaMsv,"0"
2023-06-14,1,Falafas,"0"
2023-06-14,1,HelloImNavy,"0"
2023-06-14,1,Jotajotahs,"0"
2023-06-14,1,Thybak,"0"
2023-06-14,1,Yovarana,"0"
2023-06-14,1,Zeonx91,"0"
2023-06-14,1,esloooz,"0"
2023-06-14,2,quimikuaxh,"0"
2023-06-15,2,AntiaMsv,"0"
2023-06-15,1,Falafas,"0"
2023-06-15,1,HelloImNavy,"0"
2023-06-15,2,Jotajotahs,"0"
2023-06-15,2,Thybak,"0"
2023-06-15,1,Yovarana,"0"
2023-06-15,2,Zeonx91,"0"
2023-06-15,1,esloooz,"0"
2023-06-15,1,quimikuaxh,"0"
2023-06-16,1,Falafas,"0"
2023-06-16,1,Jotajotahs,"0"
2023-06-16,1,Zeonx91,"0"
2023-06-16,2,esloooz,"0"
2023-06-16,1,quimikuaxh,"0"
2023-06-17,1,AntiaMsv,"0"
2023-06-17,1,Falafas,"0"
2023-06-17,1,HelloImNavy,"0"
2023-06-17,3,Jotajotahs,"0"
2023-06-17,2,Thybak,"0"
2023-06-17,1,Zeonx91,"0"
2023-06-17,1,quimikuaxh,"0"
2023-06-18,1,AntiaMsv,"0"
2023-06-18,1,HelloImNavy,"0"
2023-06-18,1,Thybak,"0"
2023-06-18,1,quimikuaxh,"0"
2023-06-19,1,AntiaMsv,"0"
2023-06-19,1,Falafas,"0"
2023-06-19,2,Jotajotahs,"0"
2023-06-19,2,Thybak,"0"
2023-06-19,1,Zeonx91,"0"
2023-06-19,1,esloooz,"0"
2023-06-19,2,quimikuaxh,"0"
2023-06-20,5,AntiaMsv,"0"
2023-06-20,1,Falafas,"0"
2023-06-20,1,HelloImNavy,"0"
2023-06-20,3,Jotajotahs,"0"
2023-06-20,2,Thybak,"0"
2023-06-20,2,Zeonx91,"0"
2023-06-20,2,esloooz,"0"
2023-06-20,1,quimikuaxh,"0"
2023-06-21,2,AntiaMsv,"0"
2023-06-21,2,Falafas,"0"
2023-06-21,1,HelloImNavy,"0"
2023-06-21,2,Thybak,"0"
2023-06-21,2,Zeonx91,"0"
2023-06-21,1,esloooz,"0"
2023-06-21,2,quimikuaxh,"0"
2023-06-22,1,AntiaMsv,"0"
2023-06-22,1,HelloImNavy,"0"
2023-06-22,2,Jotajotahs,"0"
2023-06-22,2,Thybak,"0"
2023-06-22,1,Zeonx91,"0"
2023-06-22,1,esloooz,"0"
2023-06-22,2,quimikuaxh,"0"
2023-06-23,1,AntiaMsv,"0"
2023-06-23,1,Falafas,"0"
2023-06-23,1,HelloImNavy,"0"
2023-06-23,2,Jotajotahs,"0"
2023-06-23,2,Thybak,"0"
2023-06-23,2,Zeonx91,"0"
2023-06-23,1,esloooz,"0"
2023-06-24,1,AntiaMsv,"0"
2023-06-24,1,Falafas,"0"
2023-06-24,2,Thybak,"0"
2023-06-24,1,Zeonx91,"0"
2023-06-24,1,esloooz,"0"
2023-06-24,1,quimikuaxh,"0"
2023-06-25,2,AntiaMsv,"0"
2023-06-25,1,Falafas,"0"
2023-06-25,1,HelloImNavy,"0"
2023-06-25,2,Jotajotahs,"0"
2023-06-25,1,Thybak,"0"
2023-06-25,1,Zeonx91,"0"
2023-06-25,1,esloooz,"0"
2023-06-25,2,quimikuaxh,"0"
2023-06-26,1,AntiaMsv,"0"
2023-06-26,1,Falafas,"0"
2023-06-26,1,HelloImNavy,"0"
2023-06-26,2,Thybak,"0"
2023-06-26,2,Zeonx91,"0"
2023-06-26,2,esloooz,"0"
2023-06-26,1,quimikuaxh,"0"
2023-06-27,1,AntiaMsv,"0"
2023-06-27,1,Falafas,"0"
2023-06-27,1,HelloImNavy,"0"
2023-06-27,1,Jotajotahs,"0"
2023-06-27,1,Thybak,"0"
2023-06-27,2,Zeonx91,"0"
2023-06-27,2,esloooz,"0"
2023-06-27,2,quimikuaxh,"0"
2023-06-28,1,AntiaMsv,"0"
2023-06-28,1,Falafas,"0"
2023-06-28,1,HelloImNavy,"0"
2023-06-28,2,Jotajotahs,"0"
2023-06-28,1,Thybak,"0"
2023-06-28,1,Zeonx91,"0"
2023-06-28,1,esloooz,"0"
2023-06-28,2,quimikuaxh,"0"
2023-06-29,1,AntiaMsv,"0"
2023-06-29,1,Falafas,"0"
2023-06-29,1,HelloImNavy,"0"
2023-06-29,1,Jotajotahs,"0"
2023-06-29,1,Thybak,"0"
2023-06-29,2,Zeonx91,"0"
2023-06-29,1,esloooz,"0"
2023-06-29,2,quimikuaxh,"0"
2023-06-30,1,AntiaMsv,"0"
2023-06-30,1,Falafas,"0"
2023-06-30,1,HelloImNavy,"0"
2023-06-30,1,Jotajotahs,"0"
2023-06-30,1,Thybak,"0"
2023-06-30,2,Zeonx91,"0"
2023-06-30,2,esloooz,"0"
2023-06-30,2,quimikuaxh,"0"
2023-07-01,1,Falafas,"0"
2023-07-01,2,Jotajotahs,"0"
2023-07-01,1,Zeonx91,"0"
2023-07-01,1,esloooz,"0"
2023-07-01,1,quimikuaxh,"0"
2023-07-02,2,AntiaMsv,"0"
2023-07-02,1,Falafas,"0"
2023-07-02,1,HelloImNavy,"0"
2023-07-02,1,Jotajotahs,"0"
2023-07-02,1,Thybak,"0"
2023-07-02,2,Zeonx91,"0"
2023-07-02,1,esloooz,"0"
2023-07-02,1,quimikuaxh,"0"
2023-07-03,1,AntiaMsv,"0"
2023-07-03,1,Falafas,"0"
2023-07-03,1,HelloImNavy,"0"
2023-07-03,2,Thybak,"0"
2023-07-03,1,Zeonx91,"0"
2023-07-03,1,esloooz,"0"
2023-07-03,3,quimikuaxh,"0"
2023-07-04,2,Falafas,"0"
2023-07-04,2,Jotajotahs,"0"
2023-07-04,2,Thybak,"0"
2023-07-04,2,Zeonx91,"0"
2023-07-04,2,esloooz,"0"
2023-07-04,2,quimikuaxh,"0"
2023-07-05,1,AntiaMsv,"0"
2023-07-05,2,Falafas,"0"
2023-07-05,1,HelloImNavy,"0"
2023-07-05,2,Zeonx91,"0"
2023-07-05,1,esloooz,"0"
2023-07-05,1,quimikuaxh,"0"
2023-07-06,1,AntiaMsv,"0"
2023-07-06,1,HelloImNavy,"0"
2023-07-06,2,Jotajotahs,"0"
2023-07-06,1,Zeonx91,"0"
2023-07-06,2,esloooz,"0"
2023-07-06,1,quimikuaxh,"0"
2023-07-07,1,AntiaMsv,"0"
2023-07-07,1,Falafas,"0"
2023-07-07,1,Jotajotahs,"0"
2023-07-07,1,Zeonx91,"0"
2023-07-07,1,esloooz,"0"
2023-07-07,1,quimikuaxh,"0"
2023-07-08,2,AntiaMsv,"0"
2023-07-08,1,Falafas,"0"
2023-07-08,1,HelloImNavy,"0"
2023-07-08,1,Jotajotahs,"0"
2023-07-08,1,Zeonx91,"0"
2023-07-08,3,esloooz,"0"
2023-07-09,2,AntiaMsv,"0"
2023-07-09,1,Falafas,"0"
2023-07-09,1,Jotajotahs,"0"
2023-07-09,2,Zeonx91,"0"
2023-07-09,1,esloooz,"0"
2023-07-09,1,quimikuaxh,"0"
2023-07-10,2,AntiaMsv,"0"
2023-07-10,1,HelloImNavy,"0"
2023-07-10,2,Jotajotahs,"0"
2023-07-10,2,Yovarana,"0"
2023-07-10,1,Zeonx91,"0"
2023-07-10,1,esloooz,"0"
2023-07-10,1,quimikuaxh,"0"
2023-07-11,2,AntiaMsv,"0"
2023-07-11,1,Falafas,"0"
2023-07-11,1,Jotajotahs,"0"
2023-07-11,4,Thybak,"0"
2023-07-11,2,Yovarana,"0"
2023-07-11,2,Zeonx91,"0"
2023-07-11,2,esloooz,"0"
2023-07-11,1,quimikuaxh,"0"
2023-07-12,2,AntiaMsv,"0"
2023-07-12,1,Falafas,"0"
2023-07-12,1,HelloImNavy,"0"
2023-07-12,1,Jotajotahs,"0"
2023-07-12,1,Thybak,"0"
2023-07-12,2,Yovarana,"0"
2023-07-12,2,Zeonx91,"0"
2023-07-12,2,esloooz,"0"
2023-07-12,2,quimikuaxh,"0"
2023-07-13,2,AntiaMsv,"0"
2023-07-13,1,Falafas,"0"
2023-07-13,1,HelloImNavy,"0"
2023-07-13,2,Jotajotahs,"0"
2023-07-13,2,Thybak,"0"
2023-07-13,2,Yovarana,"0"
2023-07-13,2,Zeonx91,"0"
2023-07-13,1,esloooz,"0"
2023-07-13,1,quimikuaxh,"0"
2023-07-14,1,HelloImNavy,"0"
2023-07-14,1,Jotajotahs,"0"
2023-07-14,3,Thybak,"0"
2023-07-14,3,Yovarana,"0"
2023-07-14,1,Zeonx91,"0"
2023-07-14,1,esloooz,"0"
2023-07-14,1,quimikuaxh,"0"
2023-07-15,1,AntiaMsv,"0"
2023-07-15,1,Falafas,"0"
2023-07-15,1,HelloImNavy,"0"
2023-07-15,1,Thybak,"0"
2023-07-15,1,Zeonx91,"0"
2023-07-15,2,esloooz,"0"
2023-07-15,1,quimikuaxh,"0"
2023-07-16,2,AntiaMsv,"0"
2023-07-16,1,Falafas,"0"
2023-07-16,1,HelloImNavy,"0"
2023-07-16,1,Thybak,"0"
2023-07-16,2,Yovarana,"0"
2023-07-16,2,Zeonx91,"0"
2023-07-16,1,esloooz,"0"
2023-07-16,1,quimikuaxh,"0"
2023-07-17,2,AntiaMsv,"0"
2023-07-17,1,HelloImNavy,"0"
2023-07-17,1,Jotajotahs,"0"
2023-07-17,1,Yovarana,"0"
2023-07-17,2,Zeonx91,"0"
2023-07-17,1,esloooz,"0"
2023-07-17,2,quimikuaxh,"0"
2023-07-18,1,AntiaMsv,"0"
2023-07-18,3,Jotajotahs,"0"
2023-07-18,1,Thybak,"0"
2023-07-18,1,Yovarana,"0"
2023-07-18,2,Zeonx91,"0"
2023-07-18,1,esloooz,"0"
2023-07-18,2,quimikuaxh,"0"
2023-07-19,1,AntiaMsv,"0"
2023-07-19,2,Falafas,"0"
2023-07-19,1,Yovarana,"0"
2023-07-19,2,Zeonx91,"0"
2023-07-19,1,esloooz,"0"
2023-07-19,1,quimikuaxh,"0"
2023-07-20,1,AntiaMsv,"0"
2023-07-20,2,Falafas,"0"
2023-07-20,1,HelloImNavy,"0"
2023-07-20,1,Jotajotahs,"0"
2023-07-20,1,Thybak,"0"
2023-07-20,1,Yovarana,"0"
2023-07-20,1,Zeonx91,"0"
2023-07-20,1,esloooz,"0"
2023-07-20,2,quimikuaxh,"0"
2023-07-21,1,AntiaMsv,"0"
2023-07-21,1,HelloImNavy,"0"
2023-07-21,2,Jotajotahs,"0"
2023-07-21,2,Thybak,"0"
2023-07-21,1,Zeonx91,"0"
2023-07-21,1,esloooz,"0"
2023-07-21,1,quimikuaxh,"0"
2023-07-22,2,Falafas,"0"
2023-07-22,1,HelloImNavy,"0"
2023-07-22,2,Zeonx91,"0"
2023-07-22,1,esloooz,"0"
2023-07-22,1,quimikuaxh,"0"
2023-07-23,1,AntiaMsv,"0"
2023-07-23,2,Zeonx91,"0"
2023-07-23,2,esloooz,"0"
2023-07-23,1,quimikuaxh,"0"
2023-07-24,2,AntiaMsv,"0"
2023-07-24,1,Falafas,"0"
2023-07-24,1,HelloImNavy,"0"
2023-07-24,2,Jotajotahs,"0"
2023-07-24,2,Thybak,"0"
2023-07-24,2,Zeonx91,"0"
2023-07-24,1,esloooz,"0"
2023-07-24,1,quimikuaxh,"0"
2023-07-25,1,AntiaMsv,"0"
2023-07-25,1,HelloImNavy,"0"
2023-07-25,2,Jotajotahs,"0"
2023-07-25,2,Thybak,"0"
2023-07-25,1,Zeonx91,"0"
2023-07-25,1,esloooz,"0"
2023-07-25,1,quimikuaxh,"0"
2023-07-26,1,AntiaMsv,"0"
2023-07-26,1,Falafas,"0"
2023-07-26,2,HelloImNavy,"0"
2023-07-26,1,Jotajotahs,"0"
2023-07-26,1,Thybak,"0"
2023-07-26,2,Zeonx91,"0"
2023-07-26,1,esloooz,"0"
2023-07-26,1,quimikuaxh,"0"
2023-07-27,1,AntiaMsv,"0"
2023-07-27,1,Falafas,"0"
2023-07-27,2,HelloImNavy,"0"
2023-07-27,2,Jotajotahs,"0"
2023-07-27,2,Thybak,"0"
2023-07-27,1,Zeonx91,"0"
2023-07-27,2,esloooz,"0"
2023-07-28,1,AntiaMsv,"0"
2023-07-28,2,Jotajotahs,"0"
2023-07-28,1,Thybak,"0"
2023-07-28,1,Zeonx91,"0"
2023-07-28,2,esloooz,"0"
2023-07-28,1,quimikuaxh,"0"
2023-07-29,1,AntiaMsv,"0"
2023-07-29,2,Falafas,"0"
2023-07-29,2,HelloImNavy,"0"
2023-07-29,1,Jotajotahs,"0"
2023-07-29,3,Thybak,"0"
2023-07-29,2,Zeonx91,"0"
2023-07-29,1,quimikuaxh,"0"
2023-07-30,1,AntiaMsv,"0"
2023-07-30,2,Falafas,"0"
2023-07-30,1,HelloImNavy,"0"
2023-07-30,1,Thybak,"0"
2023-07-30,2,Zeonx91,"0"
2023-07-30,2,esloooz,"0"
2023-07-30,2,quimikuaxh,"0"
2023-07-31,1,Falafas,"0"
2023-07-31,1,Jotajotahs,"0"
2023-07-31,1,Thybak,"0"
2023-07-31,1,Zeonx91,"0"
2023-07-31,1,esloooz,"0"
2023-07-31,1,quimikuaxh,"0"
2023-08-01,2,AntiaMsv,"0"
2023-08-01,1,Falafas,"0"
2023-08-01,2,HelloImNavy,"0"
2023-08-01,2,Jotajotahs,"0"
2023-08-01,1,Zeonx91,"0"
2023-08-01,1,quimikuaxh,"0"
2023-08-02,2,AntiaMsv,"0"
2023-08-02,1,Falafas,"0"
2023-08-02,1,HelloImNavy,"0"
2023-08-02,1,Thybak,"0"
2023-08-02,1,Zeonx91,"0"
2023-08-02,1,quimikuaxh,"0"
2023-08-03,1,AntiaMsv,"0"
2023-08-03,1,Falafas,"0"
2023-08-03,2,Jotajotahs,"0"
2023-08-03,2,Thybak,"0"
2023-08-03,2,Zeonx91,"0"
2023-08-03,1,quimikuaxh,"0"
2023-08-04,1,AntiaMsv,"0"
2023-08-04,1,HelloImNavy,"0"
2023-08-04,1,Thybak,"0"
2023-08-04,1,Zeonx91,"0"
2023-08-04,2,esloooz,"0"
2023-08-04,1,quimikuaxh,"0"
2023-08-05,1,AntiaMsv,"0"
2023-08-05,2,Falafas,"0"
2023-08-05,1,Jotajotahs,"0"
2023-08-05,1,Thybak,"0"
2023-08-05,2,Zeonx91,"0"
2023-08-05,2,quimikuaxh,"0"
2023-08-06,1,AntiaMsv,"0"
2023-08-06,1,Jotajotahs,"0"
2023-08-06,1,Thybak,"0"
2023-08-06,1,Zeonx91,"0"
2023-08-06,1,esloooz,"0"
2023-08-06,1,quimikuaxh,"0"
2023-08-07,1,AntiaMsv,"0"
2023-08-07,1,Falafas,"0"
2023-08-07,1,HelloImNavy,"0"
2023-08-07,1,Thybak,"0"
2023-08-07,1,Zeonx91,"0"
2023-08-07,1,quimikuaxh,"0"
2023-08-08,1,AntiaMsv,"0"
2023-08-08,1,Falafas,"0"
2023-08-08,1,HelloImNavy,"0"
2023-08-08,2,Jotajotahs,"0"
2023-08-08,1,Thybak,"0"
2023-08-08,1,Zeonx91,"0"
2023-08-08,2,quimikuaxh,"0"
2023-08-09,3,AntiaMsv,"0"
2023-08-09,1,Falafas,"0"
2023-08-09,1,HelloImNavy,"0"
2023-08-09,1,Jotajotahs,"0"
2023-08-09,1,Zeonx91,"0"
2023-08-09,2,esloooz,"0"
2023-08-09,1,quimikuaxh,"0"
2023-08-10,1,AntiaMsv,"0"
2023-08-10,1,HelloImNavy,"0"
2023-08-10,1,Jotajotahs,"0"
2023-08-10,3,Thybak,"0"
2023-08-10,2,Zeonx91,"0"
2023-08-10,1,esloooz,"0"
2023-08-10,1,quimikuaxh,"0"
2023-08-11,1,AntiaMsv,"0"
2023-08-11,1,Falafas,"0"
2023-08-11,1,HelloImNavy,"0"
2023-08-11,1,Jotajotahs,"0"
2023-08-11,1,Thybak,"0"
2023-08-11,1,Zeonx91,"0"
2023-08-11,1,esloooz,"0"
2023-08-11,2,quimikuaxh,"0"
2023-08-12,1,Falafas,"0"
2023-08-12,1,Thybak,"0"
2023-08-12,1,Zeonx91,"0"
2023-08-12,1,quimikuaxh,"0"
2023-08-13,2,AntiaMsv,"0"
2023-08-13,1,Falafas,"0"
2023-08-13,1,Jotajotahs,"0"
2023-08-13,1,Zeonx91,"0"
2023-08-13,1,quimikuaxh,"0"
2023-08-14,3,AntiaMsv,"0"
2023-08-14,2,Falafas,"0"
2023-08-14,2,HelloImNavy,"0"
2023-08-14,1,Jotajotahs,"0"
2023-08-14,2,Thybak,"0"
2023-08-14,1,Zeonx91,"0"
2023-08-14,2,esloooz,"0"
2023-08-14,1,quimikuaxh,"0"
2023-08-15,1,HelloImNavy,"0"
2023-08-15,1,Jotajotahs,"0"
2023-08-15,1,Thybak,"0"
2023-08-15,1,Zeonx91,"0"
2023-08-15,1,esloooz,"0"
2023-08-16,3,AntiaMsv,"0"
2023-08-16,1,Falafas,"0"
2023-08-16,1,HelloImNavy,"0"
2023-08-16,1,Jotajotahs,"0"
2023-08-16,1,Zeonx91,"0"
2023-08-16,1,esloooz,"0"
2023-08-16,2,quimikuaxh,"0"
2023-08-17,2,AntiaMsv,"0"
2023-08-17,1,HelloImNavy,"0"
2023-08-17,1,Jotajotahs,"0"
2023-08-17,2,Thybak,"0"
2023-08-17,2,Zeonx91,"0"
2023-08-17,1,quimikuaxh,"0"
2023-08-17,1,vashyto,"0"
2023-08-18,1,Falafas,"0"
2023-08-18,1,HelloImNavy,"0"
2023-08-18,1,Thybak,"0"
2023-08-18,1,Zeonx91,"0"
2023-08-18,1,esloooz,"0"
2023-08-18,2,quimikuaxh,"0"
2023-08-20,1,AntiaMsv,"0"
2023-08-20,1,Falafas,"0"
2023-08-20,2,HelloImNavy,"0"
2023-08-20,1,Jotajotahs,"0"
2023-08-20,2,Thybak,"0"
2023-08-20,1,Zeonx91,"0"
2023-08-20,3,esloooz,"0"
2023-08-20,1,quimikuaxh,"0"
2023-08-21,2,AntiaMsv,"0"
2023-08-21,1,Falafas,"0"
2023-08-21,1,Jotajotahs,"0"
2023-08-21,1,Thybak,"0"
2023-08-21,1,Zeonx91,"0"
2023-08-21,1,esloooz,"0"
2023-08-21,1,quimikuaxh,"0"
2023-08-22,1,AntiaMsv,"0"
2023-08-22,1,Falafas,"0"
2023-08-22,2,Thybak,"0"
2023-08-22,3,Zeonx91,"0"
2023-08-22,1,esloooz,"0"
2023-08-22,1,quimikuaxh,"0"
2023-08-23,1,AntiaMsv,"0"
2023-08-23,1,Falafas,"0"
2023-08-23,1,HelloImNavy,"0"
2023-08-23,1,Jotajotahs,"0"
2023-08-23,1,Thybak,"0"
2023-08-23,2,Zeonx91,"0"
2023-08-23,2,esloooz,"0"
2023-08-23,1,quimikuaxh,"0"
2023-08-24,2,AntiaMsv,"0"
2023-08-24,1,Falafas,"0"
2023-08-24,1,Zeonx91,"0"
2023-08-24,2,esloooz,"0"
2023-08-24,2,quimikuaxh,"0"
2023-08-25,2,AntiaMsv,"0"
2023-08-25,1,HelloImNavy,"0"
2023-08-25,2,Jotajotahs,"0"
2023-08-25,1,Thybak,"0"
2023-08-25,2,Zeonx91,"0"
2023-08-25,2,esloooz,"0"
2023-08-25,1,quimikuaxh,"0"
2023-08-26,1,Jotajotahs,"0"
2023-08-26,2,Zeonx91,"0"
2023-08-26,2,quimikuaxh,"0"
2023-08-27,1,AntiaMsv,"0"
2023-08-27,1,Falafas,"0"
2023-08-27,1,HelloImNavy,"0"
2023-08-27,1,Jotajotahs,"0"
2023-08-27,2,Thybak,"0"
2023-08-27,1,Zeonx91,"0"
2023-08-27,2,esloooz,"0"
2023-08-28,1,AntiaMsv,"0"
2023-08-28,1,Falafas,"0"
2023-08-28,2,Jotajotahs,"0"
2023-08-28,2,Thybak,"0"
2023-08-28,2,Yovarana,"0"
2023-08-28,1,Zeonx91,"0"
2023-08-28,1,esloooz,"0"
2023-08-28,1,quimikuaxh,"0"
2023-08-29,2,Falafas,"0"
2023-08-29,1,HelloImNavy,"0"
2023-08-29,3,Jotajotahs,"0"
2023-08-29,1,Thybak,"0"
2023-08-29,1,Yovarana,"0"
2023-08-29,1,Zeonx91,"0"
2023-08-29,1,quimikuaxh,"0"
2023-08-30,2,AntiaMsv,"0"
2023-08-30,1,Falafas,"0"
2023-08-30,1,HelloImNavy,"0"
2023-08-30,1,Jotajotahs,"0"
2023-08-30,2,Thybak,"0"
2023-08-30,1,Yovarana,"0"
2023-08-30,2,Zeonx91,"0"
2023-08-30,1,esloooz,"0"
2023-08-30,2,quimikuaxh,"0"
2023-08-31,2,AntiaMsv,"0"
2023-08-31,1,Falafas,"0"
2023-08-31,1,HelloImNavy,"0"
2023-08-31,2,Jotajotahs,"0"
2023-08-31,1,Thybak,"0"
2023-08-31,1,Yovarana,"0"
2023-08-31,2,Zeonx91,"0"
2023-08-31,1,esloooz,"0"
2023-08-31,1,quimikuaxh,"0"
2023-09-01,1,AntiaMsv,"0"
2023-09-01,2,Falafas,"0"
2023-09-01,1,Jotajotahs,"0"
2023-09-01,1,Thybak,"0"
2023-09-01,1,Yovarana,"0"
2023-09-01,1,Zeonx91,"0"
2023-09-01,2,esloooz,"0"
2023-09-01,2,quimikuaxh,"0"
2023-09-02,1,Falafas,"0"
2023-09-02,1,HelloImNavy,"0"
2023-09-02,2,Jotajotahs,"0"
2023-09-02,1,Thybak,"0"
2023-09-02,2,Yovarana,"0"
2023-09-02,2,Zeonx91,"0"
2023-09-02,2,quimikuaxh,"0"
2023-09-03,1,AntiaMsv,"0"
2023-09-03,1,Falafas,"0"
2023-09-03,1,HelloImNavy,"0"
2023-09-03,1,Thybak,"0"
2023-09-03,1,Yovarana,"0"
2023-09-03,2,Zeonx91,"0"
2023-09-03,3,esloooz,"0"
2023-09-03,1,quimikuaxh,"0"
2023-09-04,1,AntiaMsv,"0"
2023-09-04,1,HelloImNavy,"0"
2023-09-04,1,Jotajotahs,"0"
2023-09-04,1,Thybak,"0"
2023-09-04,2,Yovarana,"0"
2023-09-04,2,Zeonx91,"0"
2023-09-04,1,esloooz,"0"
2023-09-05,1,AntiaMsv,"0"
2023-09-05,1,HelloImNavy,"0"
2023-09-05,1,Jotajotahs,"0"
2023-09-05,2,Thybak,"0"
2023-09-05,1,Zeonx91,"0"
2023-09-05,2,esloooz,"0"
2023-09-05,1,quimikuaxh,"0"
2023-09-06,2,Falafas,"0"
2023-09-06,2,HelloImNavy,"0"
2023-09-06,1,Jotajotahs,"0"
2023-09-06,1,Yovarana,"0"
2023-09-06,1,Zeonx91,"0"
2023-09-06,1,esloooz,"0"
2023-09-06,2,quimikuaxh,"0"
2023-09-07,1,AntiaMsv,"0"
2023-09-07,1,HelloImNavy,"0"
2023-09-07,2,Jotajotahs,"0"
2023-09-07,1,Thybak,"0"
2023-09-07,1,Yovarana,"0"
2023-09-07,1,Zeonx91,"0"
2023-09-07,1,esloooz,"0"
2023-09-07,1,quimikuaxh,"0"
2023-09-08,1,AntiaMsv,"0"
2023-09-08,1,Falafas,"0"
2023-09-08,2,HelloImNavy,"0"
2023-09-08,2,Jotajotahs,"0"
2023-09-08,1,Thybak,"0"
2023-09-08,1,Yovarana,"0"
2023-09-08,2,Zeonx91,"0"
2023-09-08,1,esloooz,"0"
2023-09-08,1,quimikuaxh,"0"
2023-09-09,1,AntiaMsv,"0"
2023-09-09,1,Falafas,"0"
2023-09-09,1,Jotajotahs,"0"
2023-09-09,1,Yovarana,"0"
2023-09-09,1,Zeonx91,"0"
2023-09-09,1,esloooz,"0"
2023-09-09,1,quimikuaxh,"0"
2023-09-10,1,Falafas,"0"
2023-09-10,1,HelloImNavy,"0"
2023-09-10,1,Jotajotahs,"0"
2023-09-10,2,Thybak,"0"
2023-09-10,1,Yovarana,"0"
2023-09-10,1,Zeonx91,"0"
2023-09-10,1,quimikuaxh,"0"
2023-09-11,1,AntiaMsv,"0"
2023-09-11,2,Falafas,"0"
2023-09-11,1,HelloImNavy,"0"
2023-09-11,1,Jotajotahs,"0"
2023-09-11,2,Thybak,"0"
2023-09-11,3,Yovarana,"0"
2023-09-11,2,Zeonx91,"0"
2023-09-11,3,esloooz,"0"
2023-09-11,1,quimikuaxh,"0"
2023-09-12,2,AntiaMsv,"0"
2023-09-12,1,HelloImNavy,"0"
2023-09-12,1,Jotajotahs,"0"
2023-09-12,1,Thybak,"0"
2023-09-12,1,Zeonx91,"0"
2023-09-12,1,esloooz,"0"
2023-09-12,1,quimikuaxh,"0"
2023-09-13,1,AntiaMsv,"0"
2023-09-13,1,Falafas,"0"
2023-09-13,2,Jotajotahs,"0"
2023-09-13,1,Thybak,"0"
2023-09-13,3,Yovarana,"0"
2023-09-13,1,Zeonx91,"0"
2023-09-13,1,esloooz,"0"
2023-09-13,1,quimikuaxh,"0"
2023-09-14,1,AntiaMsv,"0"
2023-09-14,1,Falafas,"0"
2023-09-14,1,HelloImNavy,"0"
2023-09-14,2,Jotajotahs,"0"
2023-09-14,1,Yovarana,"0"
2023-09-14,1,Zeonx91,"0"
2023-09-14,1,esloooz,"0"
2023-09-14,2,quimikuaxh,"0"
2023-09-15,2,Falafas,"0"
2023-09-15,1,HelloImNavy,"0"
2023-09-15,3,Jotajotahs,"0"
2023-09-15,2,Thybak,"0"
2023-09-15,1,Yovarana,"0"
2023-09-15,2,Zeonx91,"0"
2023-09-15,1,esloooz,"0"
2023-09-15,1,quimikuaxh,"0"
2023-09-16,1,Falafas,"0"
2023-09-16,2,Jotajotahs,"0"
2023-09-16,1,Thybak,"0"
2023-09-16,1,Yovarana,"0"
2023-09-16,1,Zeonx91,"0"
2023-09-17,2,AntiaMsv,"0"
2023-09-17,1,HelloImNavy,"0"
2023-09-17,2,Thybak,"0"
2023-09-17,1,Yovarana,"0"
2023-09-17,1,Zeonx91,"0"
2023-09-17,1,esloooz,"0"
2023-09-17,2,quimikuaxh,"0"
2023-09-18,1,AntiaMsv,"0"
2023-09-18,1,Falafas,"0"
2023-09-18,2,Jotajotahs,"0"
2023-09-18,1,Thybak,"0"
2023-09-18,1,Yovarana,"0"
2023-09-18,2,Zeonx91,"0"
2023-09-18,1,esloooz,"0"
2023-09-18,1,quimikuaxh,"0"
2023-09-19,1,AntiaMsv,"0"
2023-09-19,1,Falafas,"0"
2023-09-19,1,HelloImNavy,"0"
2023-09-19,1,Jotajotahs,"0"
2023-09-19,2,Thybak,"0"
2023-09-19,2,Yovarana,"0"
2023-09-19,2,Zeonx91,"0"
2023-09-19,1,esloooz,"0"
2023-09-19,2,quimikuaxh,"0"
2023-09-20,1,Falafas,"0"
2023-09-20,2,Jotajotahs,"0"
2023-09-20,1,Thybak,"0"
2023-09-20,2,Zeonx91,"0"
2023-09-20,1,esloooz,"0"
2023-09-20,1,quimikuaxh,"0"
2023-09-21,1,AntiaMsv,"0"
2023-09-21,1,Falafas,"0"
2023-09-21,2,Jotajotahs,"0"
2023-09-21,1,Thybak,"0"
2023-09-21,1,Zeonx91,"0"
2023-09-21,2,esloooz,"0"
2023-09-21,2,quimikuaxh,"0"
2023-09-22,1,Falafas,"0"
2023-09-22,1,Zeonx91,"0"
2023-09-22,1,esloooz,"0"
2023-09-22,1,quimikuaxh,"0"
2023-09-23,1,AntiaMsv,"0"
2023-09-23,2,Falafas,"0"
2023-09-23,1,HelloImNavy,"0"
2023-09-23,1,Jotajotahs,"0"
2023-09-23,2,Zeonx91,"0"
2023-09-23,1,esloooz,"0"
2023-09-23,1,quimikuaxh,"0"
2023-09-24,1,HelloImNavy,"0"
2023-09-24,1,Jotajotahs,"0"
2023-09-24,1,Thybak,"0"
2023-09-24,2,Zeonx91,"0"
2023-09-24,2,esloooz,"0"
2023-09-24,1,quimikuaxh,"0"
2023-09-25,2,AntiaMsv,"0"
2023-09-25,1,Falafas,"0"
2023-09-25,1,HelloImNavy,"0"
2023-09-25,1,Jotajotahs,"0"
2023-09-25,1,Yovarana,"0"
2023-09-25,1,Zeonx91,"0"
2023-09-25,2,esloooz,"0"
2023-09-25,2,quimikuaxh,"0"
2023-09-26,1,AntiaMsv,"0"
2023-09-26,1,Falafas,"0"
2023-09-26,1,HelloImNavy,"0"
2023-09-26,1,Jotajotahs,"0"
2023-09-26,1,Yovarana,"0"
2023-09-26,2,Zeonx91,"0"
2023-09-26,2,esloooz,"0"
2023-09-26,1,quimikuaxh,"0"
2023-09-27,2,Falafas,"0"
2023-09-27,1,HelloImNavy,"0"
2023-09-27,3,Jotajotahs,"0"
2023-09-27,2,Zeonx91,"0"
2023-09-27,1,esloooz,"0"
2023-09-27,1,quimikuaxh,"0"
2023-09-28,2,AntiaMsv,"0"
2023-09-28,1,Falafas,"0"
2023-09-28,1,HelloImNavy,"0"
2023-09-28,2,Jotajotahs,"0"
2023-09-28,2,Yovarana,"0"
2023-09-28,2,Zeonx91,"0"
2023-09-28,2,esloooz,"0"
2023-09-28,2,quimikuaxh,"0"
2023-09-29,1,AntiaMsv,"0"
2023-09-29,2,Falafas,"0"
2023-09-29,1,HelloImNavy,"0"
2023-09-29,1,Jotajotahs,"0"
2023-09-29,2,esloooz,"0"
2023-09-29,1,quimikuaxh,"0"
2023-09-30,1,AntiaMsv,"0"
2023-09-30,1,Falafas,"0"
2023-09-30,1,Jotajotahs,"0"
2023-09-30,1,Zeonx91,"0"
2023-09-30,1,esloooz,"0"
2023-09-30,1,quimikuaxh,"0"
2023-10-01,1,AntiaMsv,"0"
2023-10-01,1,Falafas,"0"
2023-10-01,2,HelloImNavy,"0"
2023-10-01,2,Jotajotahs,"0"
2023-10-01,1,Zeonx91,"0"
2023-10-01,1,quimikuaxh,"0"
2023-10-02,1,AntiaMsv,"0"
2023-10-02,3,Jotajotahs,"0"
2023-10-02,1,Zeonx91,"0"
2023-10-02,1,esloooz,"0"
2023-10-02,2,quimikuaxh,"0"
2023-10-03,2,AntiaMsv,"0"
2023-10-03,2,Falafas,"0"
2023-10-03,2,HelloImNavy,"0"
2023-10-03,1,Jotajotahs,"0"
2023-10-03,1,Zeonx91,"0"
2023-10-03,1,esloooz,"0"
2023-10-03,2,quimikuaxh,"0"
2023-10-04,1,Falafas,"0"
2023-10-04,2,HelloImNavy,"0"
2023-10-04,2,Jotajotahs,"0"
2023-10-04,2,Zeonx91,"0"
2023-10-04,1,esloooz,"0"
2023-10-04,1,quimikuaxh,"0"
2023-10-05,2,Falafas,"0"
2023-10-05,1,Jotajotahs,"0"
2023-10-05,1,Zeonx91,"0"
2023-10-05,1,esloooz,"0"
2023-10-05,2,quimikuaxh,"0"
2023-10-06,1,AntiaMsv,"0"
2023-10-06,1,Falafas,"0"
2023-10-06,1,HelloImNavy,"0"
2023-10-06,1,Jotajotahs,"0"
2023-10-06,1,Zeonx91,"0"
2023-10-06,1,esloooz,"0"
2023-10-06,1,quimikuaxh,"0"
2023-10-07,2,AntiaMsv,"0"
2023-10-07,1,Jotajotahs,"0"
2023-10-07,2,Zeonx91,"0"
2023-10-07,1,quimikuaxh,"0"
2023-10-08,1,Falafas,"0"
2023-10-08,1,Jotajotahs,"0"
2023-10-08,1,Zeonx91,"0"
2023-10-08,1,esloooz,"0"
2023-10-08,1,quimikuaxh,"0"
2023-10-09,2,AntiaMsv,"0"
2023-10-09,1,Falafas,"0"
2023-10-09,1,HelloImNavy,"0"
2023-10-09,2,Jotajotahs,"0"
2023-10-09,1,Zeonx91,"0"
2023-10-09,1,esloooz,"0"
2023-10-09,2,quimikuaxh,"0"
2023-10-10,1,AntiaMsv,"0"
2023-10-10,1,Falafas,"0"
2023-10-10,1,HelloImNavy,"0"
2023-10-10,1,Jotajotahs,"0"
2023-10-10,1,Yovarana,"0"
2023-10-10,2,Zeonx91,"0"
2023-10-10,1,esloooz,"0"
2023-10-10,3,quimikuaxh,"0"
2023-10-11,1,Falafas,"0"
2023-10-11,1,HelloImNavy,"0"
2023-10-11,1,Jotajotahs,"0"
2023-10-11,2,Zeonx91,"0"
2023-10-11,2,esloooz,"0"
2023-10-11,1,quimikuaxh,"0"
2023-10-12,1,AntiaMsv,"0"
2023-10-12,1,Falafas,"0"
2023-10-12,1,HelloImNavy,"0"
2023-10-12,1,Jotajotahs,"0"
2023-10-12,1,Zeonx91,"0"
2023-10-12,1,esloooz,"0"
2023-10-12,2,quimikuaxh,"0"
2023-10-13,1,Jotajotahs,"0"
2023-10-13,1,Zeonx91,"0"
2023-10-13,1,esloooz,"0"
2023-10-13,2,quimikuaxh,"0"
2023-10-14,1,AntiaMsv,"0"
2023-10-14,1,HelloImNavy,"0"
2023-10-14,2,Jotajotahs,"0"
2023-10-14,1,Zeonx91,"0"
2023-10-14,1,esloooz,"0"
2023-10-14,2,quimikuaxh,"0"
2023-10-15,2,AntiaMsv,"0"
2023-10-15,2,Jotajotahs,"0"
2023-10-15,1,Yovarana,"0"
2023-10-15,1,Zeonx91,"0"
2023-10-15,2,esloooz,"0"
2023-10-15,2,quimikuaxh,"0"
2023-10-16,1,AntiaMsv,"0"
2023-10-16,2,Jotajotahs,"0"
2023-10-16,2,Yovarana,"0"
2023-10-16,2,Zeonx91,"0"
2023-10-16,2,esloooz,"0"
2023-10-16,2,quimikuaxh,"0"
2023-10-17,1,AntiaMsv,"0"
2023-10-17,2,Jotajotahs,"0"
2023-10-17,1,Yovarana,"0"
2023-10-17,1,Zeonx91,"0"
2023-10-17,1,esloooz,"0"
2023-10-17,2,quimikuaxh,"0"
2023-10-18,1,AntiaMsv,"0"
2023-10-18,2,Jotajotahs,"0"
2023-10-18,1,Yovarana,"0"
2023-10-18,2,Zeonx91,"0"
2023-10-18,1,esloooz,"0"
2023-10-18,2,quimikuaxh,"0"
2023-10-19,1,AntiaMsv,"0"
2023-10-19,1,Jotajotahs,"0"
2023-10-19,2,Yovarana,"0"
2023-10-19,1,Zeonx91,"0"
2023-10-19,1,esloooz,"0"
2023-10-19,1,quimikuaxh,"0"
2023-10-20,1,AntiaMsv,"0"
2023-10-20,1,Jotajotahs,"0"
2023-10-20,2,Yovarana,"0"
2023-10-20,1,Zeonx91,"0"
2023-10-20,1,esloooz,"0"
2023-10-20,2,quimikuaxh,"0"
2023-10-21,2,Jotajotahs,"0"
2023-10-21,2,Zeonx91,"0"
2023-10-21,2,esloooz,"0"
2023-10-21,2,quimikuaxh,"0"
2023-10-22,1,AntiaMsv,"0"
2023-10-22,1,Jotajotahs,"0"
2023-10-22,1,Yovarana,"0"
2023-10-22,1,Zeonx91,"0"
2023-10-22,1,esloooz,"0"
2023-10-22,1,quimikuaxh,"0"
2023-10-23,1,AntiaMsv,"0"
2023-10-23,1,Jotajotahs,"0"
2023-10-23,1,Yovarana,"0"
2023-10-23,2,Zeonx91,"0"
2023-10-23,1,esloooz,"0"
2023-10-23,2,quimikuaxh,"0"
2023-10-24,1,AntiaMsv,"0"
2023-10-24,1,Jotajotahs,"0"
2023-10-24,1,Yovarana,"0"
2023-10-24,1,Zeonx91,"0"
2023-10-24,2,quimikuaxh,"0"
2023-10-25,1,AntiaMsv,"0"
2023-10-25,2,Jotajotahs,"0"
2023-10-25,2,Yovarana,"0"
2023-10-25,1,Zeonx91,"0"
2023-10-25,1,esloooz,"0"
2023-10-26,1,Jotajotahs,"0"
2023-10-26,2,Zeonx91,"0"
2023-10-26,2,quimikuaxh,"0"
2023-10-27,2,Jotajotahs,"0"
2023-10-27,1,Zeonx91,"0"
2023-10-27,1,esloooz,"0"
2023-10-27,1,quimikuaxh,"0"
2023-10-28,1,AntiaMsv,"0"
2023-10-28,1,Jotajotahs,"0"
2023-10-28,2,Zeonx91,"0"
2023-10-28,2,esloooz,"0"
2023-10-28,1,quimikuaxh,"0"
2023-10-29,1,Jotajotahs,"0"
2023-10-29,1,esloooz,"0"
2023-10-30,2,AntiaMsv,"0"
2023-10-30,2,Jotajotahs,"0"
2023-10-30,2,Zeonx91,"0"
2023-10-30,1,esloooz,"0"
2023-10-30,1,quimikuaxh,"0"
2023-10-31,1,Jotajotahs,"0"
2023-10-31,1,Zeonx91,"0"
2023-10-31,2,esloooz,"0"
2023-10-31,1,quimikuaxh,"0"
2023-11-01,1,AntiaMsv,"0"
2023-11-01,1,Jotajotahs,"0"
2023-11-01,1,Zeonx91,"0"
2023-11-01,2,esloooz,"0"
2023-11-02,1,AntiaMsv,"0"
2023-11-02,1,Jotajotahs,"0"
2023-11-02,1,Zeonx91,"0"
2023-11-02,1,esloooz,"0"
2023-11-02,2,quimikuaxh,"0"
2023-11-03,2,Jotajotahs,"0"
2023-11-03,1,Zeonx91,"0"
2023-11-03,1,esloooz,"0"
2023-11-04,2,AntiaMsv,"0"
2023-11-04,1,Jotajotahs,"0"
2023-11-04,1,Zeonx91,"0"
2023-11-04,1,esloooz,"0"
2023-11-04,1,quimikuaxh,"0"
2023-11-05,1,Jotajotahs,"0"
2023-11-05,1,Zeonx91,"0"
2023-11-05,1,esloooz,"0"
2023-11-05,1,quimikuaxh,"0"
2023-11-06,1,Jotajotahs,"0"
2023-11-06,1,Yovarana,"0"
2023-11-06,1,Zeonx91,"0"
2023-11-06,1,esloooz,"0"
2023-11-06,2,quimikuaxh,"0"
2023-11-07,2,Jotajotahs,"0"
2023-11-07,2,Zeonx91,"0"
2023-11-07,2,esloooz,"0"
2023-11-07,1,quimikuaxh,"0"
2023-11-08,1,Jotajotahs,"0"
2023-11-08,1,Zeonx91,"0"
2023-11-08,2,esloooz,"0"
2023-11-08,1,quimikuaxh,"0"
2023-11-09,2,AntiaMsv,"0"
2023-11-09,1,Jotajotahs,"0"
2023-11-09,1,Zeonx91,"0"
2023-11-09,1,esloooz,"0"
2023-11-09,2,quimikuaxh,"0"
2023-11-10,2,AntiaMsv,"0"
2023-11-10,3,Jotajotahs,"0"
2023-11-10,1,Zeonx91,"0"
2023-11-10,1,esloooz,"0"
2023-11-10,1,quimikuaxh,"0"
2023-11-11,1,Jotajotahs,"0"
2023-11-11,1,Yovarana,"0"
2023-11-11,2,Zeonx91,"0"
2023-11-11,1,quimikuaxh,"0"
2023-11-12,1,AntiaMsv,"0"
2023-11-12,2,Jotajotahs,"0"
2023-11-12,1,Zeonx91,"0"
2023-11-12,3,esloooz,"0"
2023-11-12,1,quimikuaxh,"0"
2023-11-13,2,AntiaMsv,"0"
2023-11-13,2,Jotajotahs,"0"
2023-11-13,1,Yovarana,"0"
2023-11-13,2,Zeonx91,"0"
2023-11-13,1,esloooz,"0"
2023-11-13,1,quimikuaxh,"0"
2023-11-14,1,Jotajotahs,"0"
2023-11-14,2,Yovarana,"0"
2023-11-14,1,Zeonx91,"0"
2023-11-14,1,esloooz,"0"
2023-11-14,1,quimikuaxh,"0"
2023-11-15,2,AntiaMsv,"0"
2023-11-15,1,Jotajotahs,"0"
2023-11-15,1,Yovarana,"0"
2023-11-15,2,Zeonx91,"0"
2023-11-15,1,esloooz,"0"
2023-11-15,1,quimikuaxh,"0"
2023-11-16,1,Jotajotahs,"0"
2023-11-16,1,Zeonx91,"0"
2023-11-16,1,esloooz,"0"
2023-11-16,1,quimikuaxh,"0"
2023-11-17,2,Jotajotahs,"0"
2023-11-17,2,Zeonx91,"0"
2023-11-17,2,esloooz,"0"
2023-11-17,1,quimikuaxh,"0"
2023-11-18,1,Jotajotahs,"0"
2023-11-18,1,Zeonx91,"0"
2023-11-18,1,esloooz,"0"
2023-11-19,2,AntiaMsv,"0"
2023-11-19,1,Jotajotahs,"0"
2023-11-19,1,Zeonx91,"0"
2023-11-19,2,esloooz,"0"
2023-11-19,1,quimikuaxh,"0"
2023-11-20,2,Jotajotahs,"0"
2023-11-20,2,esloooz,"0"
2023-11-20,1,quimikuaxh,"0"
2023-11-22,2,Jotajotahs,"0"
2023-11-22,2,esloooz,"0"
2023-11-22,1,quimikuaxh,"0"
2023-11-23,3,AntiaMsv,"0"
2023-11-23,1,esloooz,"0"
2023-11-23,2,quimikuaxh,"0"
2023-11-24,1,Jotajotahs,"0"
2023-11-24,1,quimikuaxh,"0"
2023-11-25,1,AntiaMsv,"0"
2023-11-25,2,Jotajotahs,"0"
2023-11-25,1,esloooz,"0"
2023-11-25,1,quimikuaxh,"0"
2023-11-26,2,Jotajotahs,"0"
2023-11-26,1,quimikuaxh,"0"
2023-11-27,2,AntiaMsv,"0"
2023-11-27,1,Jotajotahs,"0"
2023-11-27,1,esloooz,"0"
2023-11-27,2,quimikuaxh,"0"
2023-11-28,2,AntiaMsv,"0"
2023-11-28,1,Jotajotahs,"0"
2023-11-28,1,esloooz,"0"
2023-11-28,1,quimikuaxh,"0"
2023-11-29,3,AntiaMsv,"0"
2023-11-29,1,Jotajotahs,"0"
2023-11-29,1,esloooz,"0"
2023-11-29,2,quimikuaxh,"0"
2023-11-30,1,AntiaMsv,"0"
2023-11-30,2,Jotajotahs,"0"
2023-11-30,2,esloooz,"0"
2023-11-30,1,quimikuaxh,"0"
2023-12-01,1,AntiaMsv,"0"
2023-12-01,1,Jotajotahs,"0"
2023-12-01,2,esloooz,"0"
2023-12-01,1,quimikuaxh,"0"
2023-12-02,1,Falafas,"0"
2023-12-02,1,Jotajotahs,"0"
2023-12-02,1,quimikuaxh,"0"
2023-12-03,1,AntiaMsv,"0"
2023-12-03,1,esloooz,"0"
2023-12-03,1,quimikuaxh,"0"
2023-12-04,1,AntiaMsv,"0"
2023-12-04,2,Falafas,"0"
2023-12-04,2,Jotajotahs,"0"
2023-12-04,2,Thybak,"0"
2023-12-04,2,Yovarana,"0"
2023-12-04,1,esloooz,"0"
2023-12-04,1,quimikuaxh,"0"
2023-12-05,1,Falafas,"0"
2023-12-05,1,Jotajotahs,"0"
2023-12-05,2,Thybak,"0"
2023-12-05,1,Yovarana,"0"
2023-12-05,1,esloooz,"0"
2023-12-05,2,quimikuaxh,"0"
2023-12-06,1,AntiaMsv,"0"
2023-12-06,1,Jotajotahs,"0"
2023-12-06,1,Yovarana,"0"
2023-12-06,1,Yovarana,1
2023-12-06,1,esloooz,"0"
2023-12-06,1,quimikuaxh,"0"
2023-12-07,1,AntiaMsv,"0"
2023-12-07,2,Falafas,"0"
2023-12-07,2,Jotajotahs,"0"
2023-12-07,2,Thybak,"0"
2023-12-07,2,Yovarana,1
2023-12-07,1,esloooz,"0"
2023-12-07,2,quimikuaxh,"0"
2023-12-08,1,Falafas,"0"
2023-12-09,2,AntiaMsv,"0"
2023-12-09,1,Jotajotahs,"0"
2023-12-09,1,Thybak,"0"
2023-12-09,1,esloooz,"0"
2023-12-09,1,quimikuaxh,"0"
2023-12-10,3,AntiaMsv,"0"
2023-12-10,1,Jotajotahs,"0"
2023-12-10,1,Thybak,"0"
2023-12-10,1,esloooz,"0"
2023-12-10,1,quimikuaxh,"0"
2023-12-11,1,Falafas,"0"
2023-12-11,1,Jotajotahs,"0"
2023-12-11,1,Thybak,"0"
2023-12-11,1,esloooz,"0"
2023-12-11,2,quimikuaxh,"0"
2023-12-12,1,AntiaMsv,"0"
2023-12-12,1,Jotajotahs,"0"
2023-12-12,2,Thybak,"0"
2023-12-12,1,esloooz,"0"
2023-12-12,2,quimikuaxh,"0"
2023-12-13,2,AntiaMsv,"0"
2023-12-13,1,Falafas,"0"
2023-12-13,1,Jotajotahs,"0"
2023-12-13,1,Thybak,"0"
2023-12-13,1,esloooz,"0"
2023-12-13,1,quimikuaxh,"0"
2023-12-14,2,AntiaMsv,"0"
2023-12-14,2,Jotajotahs,"0"
2023-12-14,1,Thybak,"0"
2023-12-14,1,esloooz,"0"
2023-12-14,2,quimikuaxh,"0"
2023-12-15,1,AntiaMsv,"0"
2023-12-15,1,Falafas,"0"
2023-12-15,1,Jotajotahs,"0"
2023-12-15,2,esloooz,"0"
2023-12-15,2,quimikuaxh,"0"
2023-12-16,1,AntiaMsv,"0"
2023-12-16,2,Jotajotahs,"0"
2023-12-16,1,Thybak,"0"
2023-12-16,1,esloooz,"0"
2023-12-16,1,quimikuaxh,"0"
2023-12-17,1,Jotajotahs,"0"
2023-12-17,1,Thybak,"0"
2023-12-17,1,esloooz,"0"
2023-12-17,2,quimikuaxh,"0"
2023-12-17,3,quimikuaxh,1
2023-12-18,2,AntiaMsv,"0"
2023-12-18,1,Falafas,"0"
2023-12-18,2,Jotajotahs,"0"
2023-12-18,1,Thybak,"0"
2023-12-18,1,esloooz,"0"
2023-12-18,2,quimikuaxh,"0"
2023-12-19,1,AntiaMsv,"0"
2023-12-19,1,Falafas,"0"
2023-12-19,1,Jotajotahs,"0"
2023-12-19,2,esloooz,"0"
2023-12-19,1,quimikuaxh,"0"
2023-12-20,1,Jotajotahs,"0"
2023-12-20,1,Thybak,"0"
2023-12-20,1,esloooz,"0"
2023-12-20,2,quimikuaxh,"0"
2023-12-21,2,AntiaMsv,"0"
2023-12-21,1,Jotajotahs,"0"
2023-12-21,1,esloooz,"0"
2023-12-21,1,quimikuaxh,"0"
2023-12-22,2,AntiaMsv,"0"
2023-12-22,2,Falafas,"0"
2023-12-22,1,Jotajotahs,"0"
2023-12-22,1,Thybak,"0"
2023-12-22,1,esloooz,"0"
2023-12-22,1,quimikuaxh,"0"
2023-12-23,1,Falafas,"0"
2023-12-23,1,Jotajotahs,"0"
2023-12-23,1,quimikuaxh,"0"
2023-12-24,1,AntiaMsv,"0"
2023-12-24,1,Falafas,"0"
2023-12-24,1,Jotajotahs,"0"
2023-12-24,2,esloooz,"0"
2023-12-24,1,quimikuaxh,"0"
2023-12-25,2,Jotajotahs,"0"
2023-12-25,1,esloooz,"0"
2023-12-25,1,quimikuaxh,"0"
2023-12-26,2,AntiaMsv,"0"
2023-12-26,1,Falafas,"0"
2023-12-26,1,Jotajotahs,"0"
2023-12-26,1,esloooz,"0"
2023-12-26,1,quimikuaxh,"0"
2023-12-27,1,Jotajotahs,"0"
2023-12-27,1,esloooz,"0"
2023-12-27,1,quimikuaxh,"0"
2023-12-28,2,AntiaMsv,"0"
2023-12-28,1,Jotajotahs,"0"
2023-12-28,1,esloooz,"0"
2023-12-28,1,quimikuaxh,"0"
2023-12-29,1,AntiaMsv,"0"
2023-12-29,1,Jotajotahs,"0"
2023-12-29,1,esloooz,"0"
2023-12-29,1,quimikuaxh,"0"
2023-12-30,1,Falafas,"0"
2023-12-30,1,Jotajotahs,"0"
2023-12-30,1,esloooz,"0"
2023-12-30,1,quimikuaxh,"0"
2023-12-31,1,AntiaMsv,"0"
2023-12-31,1,Falafas,"0"
2023-12-31,1,Jotajotahs,"0"
2023-12-31,2,Thybak,"0"
2023-12-31,2,quimikuaxh,"0"
2024-01-01,1,Angel_Natath,"0"
2024-01-01,2,AntiaMsv,"0"
2024-01-01,3,Chechu_bl,"0"
2024-01-01,1,Falafas,"0"
2024-01-01,1,Jotajotahs,"0"
2024-01-01,2,Thybak,"0"
2024-01-01,3,esloooz,"0"
2024-01-01,1,quimikuaxh,"0"
2024-01-02,2,Angel_Natath,"0"
2024-01-02,1,Angel_Natath,1
2024-01-02,1,Chechu_bl,"0"
2024-01-02,1,Falafas,"0"
2024-01-02,1,Jotajotahs,"0"
2024-01-02,1,Thybak,"0"
2024-01-02,1,Yovarana,"0"
2024-01-02,1,Yovarana,1
2024-01-02,2,quimikuaxh,"0"
2024-01-03,2,Angel_Natath,"0"
2024-01-03,1,Chechu_bl,"0"
2024-01-03,1,Jotajotahs,"0"
2024-01-03,1,Thybak,"0"
2024-01-03,2,Yovarana,"0"
2024-01-03,1,Yovarana,1
2024-01-03,1,esloooz,"0"
2024-01-03,1,quimikuaxh,"0"
2024-01-04,2,Angel_Natath,"0"
2024-01-04,2,AntiaMsv,"0"
2024-01-04,3,Chechu_bl,"0"
2024-01-04,1,Chechu_bl,1
2024-01-04,2,Falafas,"0"
2024-01-04,2,Jotajotahs,"0"
2024-01-04,2,Thybak,"0"
2024-01-04,2,Yovarana,"0"
2024-01-04,2,esloooz,"0"
2024-01-04,2,quimikuaxh,"0"
2024-01-05,1,Angel_Natath,"0"
2024-01-05,1,AntiaMsv,"0"
2024-01-05,2,Chechu_bl,"0"
2024-01-05,1,Falafas,"0"
2024-01-05,2,Jotajotahs,"0"
2024-01-05,2,Thybak,"0"
2024-01-05,2,Yovarana,"0"
2024-01-05,1,Yovarana,1
2024-01-05,2,esloooz,"0"
2024-01-06,2,Angel_Natath,"0"
2024-01-06,3,Chechu_bl,"0"
2024-01-06,2,Falafas,"0"
2024-01-06,1,Jotajotahs,"0"
2024-01-06,2,Thybak,"0"
2024-01-06,1,Yovarana,"0"
2024-01-06,1,esloooz,"0"
2024-01-06,2,quimikuaxh,"0"
2024-01-07,2,Angel_Natath,"0"
2024-01-07,2,AntiaMsv,"0"
2024-01-07,1,Chechu_bl,"0"
2024-01-07,1,Falafas,"0"
2024-01-07,2,Jotajotahs,"0"
2024-01-07,1,Thybak,"0"
2024-01-07,1,Yovarana,"0"
2024-01-07,2,esloooz,"0"
2024-01-07,1,quimikuaxh,"0"
2024-01-08,2,Angel_Natath,"0"
2024-01-08,1,AntiaMsv,"0"
2024-01-08,2,Chechu_bl,"0"
2024-01-08,1,Falafas,"0"
2024-01-08,1,HelloImNavy,"0"
2024-01-08,2,Jotajotahs,"0"
2024-01-08,1,Thybak,"0"
2024-01-08,1,Yovarana,"0"
2024-01-08,1,esloooz,"0"
2024-01-08,2,quimikuaxh,"0"
2024-01-09,1,AntiaMsv,"0"
2024-01-09,1,Chechu_bl,"0"
2024-01-09,1,Falafas,"0"
2024-01-09,1,Jotajotahs,"0"
2024-01-09,1,Thybak,"0"
2024-01-09,1,Yovarana,"0"
2024-01-09,1,esloooz,"0"
2024-01-09,2,quimikuaxh,"0"